{
    "model": {
        "name": "IsolationForest",
        "behaviour": "old",
        "bootstrap": false,
        "contamination": 0.1,
        "max_features": 1.0,
        "max_samples": "auto",
        "n_estimators": 100,
        "n_jobs": 1,
        "random_state": null,
        "verbose": 0
    },
    "dataset": {
        "name": "Energy-Plants-clustered_with_closest_assignment",
        "tran_concepts_no": 10,
        "test_concepts_no": 10
    },
    "strategy": {
        "name": "BalancedReservoirSampling",
        "model": "IsolationForest",
        "buffer_size": 3000
    },
    "concept_metric_callback_ROC-AUC": {
        "base_metric_name": "ROC-AUC",
        "metrics": {
            "ContinualAverage": 0.7324043224418264,
            "BackwardTransfer": -0.04635116367201919,
            "ForwardTransfer": 0.6352782895929322
        },
        "concepts_order": [
            "Cluster_0",
            "Cluster_1",
            "Cluster_2",
            "Cluster_3",
            "Cluster_4",
            "Cluster_5",
            "Cluster_6",
            "Cluster_7",
            "Cluster_8",
            "Cluster_9"
        ],
        "metric_matrix": {
            "Cluster_0": {
                "Cluster_0": 0.884091569767442,
                "Cluster_1": 0.7531998546511628,
                "Cluster_2": 0.8046529796511628,
                "Cluster_3": 0.7329883432539682,
                "Cluster_4": 0.7084978197674419,
                "Cluster_5": 0.6754336845930233,
                "Cluster_6": 0.2339356831395349,
                "Cluster_7": 0.7716645,
                "Cluster_8": 0.8408617369186046,
                "Cluster_9": 0.36053652263374486
            },
            "Cluster_1": {
                "Cluster_0": 0.8575257994186047,
                "Cluster_1": 0.857875363372093,
                "Cluster_2": 0.785546511627907,
                "Cluster_3": 0.6794005456349207,
                "Cluster_4": 0.5227429142441861,
                "Cluster_5": 0.7269018895348838,
                "Cluster_6": 0.578797965116279,
                "Cluster_7": 0.47230099999999997,
                "Cluster_8": 0.876203488372093,
                "Cluster_9": 0.5225740740740741
            },
            "Cluster_2": {
                "Cluster_0": 0.6829127906976743,
                "Cluster_1": 0.7757005813953489,
                "Cluster_2": 0.8938713662790696,
                "Cluster_3": 0.6105205853174603,
                "Cluster_4": 0.747414789244186,
                "Cluster_5": 0.6978829941860465,
                "Cluster_6": 0.7119996366279069,
                "Cluster_7": 0.4716065,
                "Cluster_8": 0.8611239098837209,
                "Cluster_9": 0.21229526748971192
            },
            "Cluster_3": {
                "Cluster_0": 0.8398888081395348,
                "Cluster_1": 0.8108241279069768,
                "Cluster_2": 0.8677594476744186,
                "Cluster_3": 0.7879516369047619,
                "Cluster_4": 0.6446219113372094,
                "Cluster_5": 0.745470203488372,
                "Cluster_6": 0.7268917151162791,
                "Cluster_7": 0.46478200000000003,
                "Cluster_8": 0.8221044694767441,
                "Cluster_9": 0.5285401234567901
            },
            "Cluster_4": {
                "Cluster_0": 0.5850922965116279,
                "Cluster_1": 0.8012638081395349,
                "Cluster_2": 0.6888124999999999,
                "Cluster_3": 0.6112224702380953,
                "Cluster_4": 0.9315188953488371,
                "Cluster_5": 0.7069375,
                "Cluster_6": 0.4546649709302326,
                "Cluster_7": 0.85436,
                "Cluster_8": 0.6233862645348838,
                "Cluster_9": 0.4264002057613169
            },
            "Cluster_5": {
                "Cluster_0": 0.5663855377906977,
                "Cluster_1": 0.7814327761627907,
                "Cluster_2": 0.8666162790697675,
                "Cluster_3": 0.5708943452380952,
                "Cluster_4": 0.8523437500000001,
                "Cluster_5": 0.8854316860465117,
                "Cluster_6": 0.869406613372093,
                "Cluster_7": 0.6094379999999999,
                "Cluster_8": 0.7948215843023256,
                "Cluster_9": 0.4120843621399177
            },
            "Cluster_6": {
                "Cluster_0": 0.5545287063953488,
                "Cluster_1": 0.6148604651162791,
                "Cluster_2": 0.8054949127906977,
                "Cluster_3": 0.5674134424603174,
                "Cluster_4": 0.7972601744186046,
                "Cluster_5": 0.7845952034883721,
                "Cluster_6": 0.9985261627906977,
                "Cluster_7": 0.4766,
                "Cluster_8": 0.5899365915697674,
                "Cluster_9": 0.41084465020576133
            },
            "Cluster_7": {
                "Cluster_0": 0.5086638808139534,
                "Cluster_1": 0.7362242005813953,
                "Cluster_2": 0.7865995639534883,
                "Cluster_3": 0.5324784226190477,
                "Cluster_4": 0.7382579941860464,
                "Cluster_5": 0.7589156976744185,
                "Cluster_6": 0.31362572674418604,
                "Cluster_7": 0.9674609999999999,
                "Cluster_8": 0.8253019622093024,
                "Cluster_9": 0.7422561728395062
            },
            "Cluster_8": {
                "Cluster_0": 0.5127910610465116,
                "Cluster_1": 0.8128103197674419,
                "Cluster_2": 0.8858346656976744,
                "Cluster_3": 0.5683568948412698,
                "Cluster_4": 0.7732412790697676,
                "Cluster_5": 0.7526464389534884,
                "Cluster_6": 0.20231359011627909,
                "Cluster_7": 0.8195520000000001,
                "Cluster_8": 0.990813953488372,
                "Cluster_9": 0.49959053497942385
            },
            "Cluster_9": {
                "Cluster_0": 0.4218377543604651,
                "Cluster_1": 0.6468063226744185,
                "Cluster_2": 0.7820977470930234,
                "Cluster_3": 0.431235119047619,
                "Cluster_4": 0.6763026889534883,
                "Cluster_5": 0.8407234738372094,
                "Cluster_6": 0.7470359738372093,
                "Cluster_7": 0.802585,
                "Cluster_8": 0.7631151889534884,
                "Cluster_9": 0.9878168724279835
            }
        }
    },
    "time_evaluation_callback": {
        "time_by_concept": {
            "Cluster_0": {
                "train_time": 0.6313450336456299,
                "eval_time": 0.3761637210845947
            },
            "Cluster_1": {
                "train_time": 0.6693239212036133,
                "eval_time": 0.32415270805358887
            },
            "Cluster_2": {
                "train_time": 0.6677250862121582,
                "eval_time": 0.36745285987854004
            },
            "Cluster_3": {
                "train_time": 0.6920008659362793,
                "eval_time": 0.3559091091156006
            },
            "Cluster_4": {
                "train_time": 0.7065339088439941,
                "eval_time": 0.31685328483581543
            },
            "Cluster_5": {
                "train_time": 0.7256700992584229,
                "eval_time": 0.35315394401550293
            },
            "Cluster_6": {
                "train_time": 0.7258961200714111,
                "eval_time": 0.3496818542480469
            },
            "Cluster_7": {
                "train_time": 0.7444660663604736,
                "eval_time": 0.3104286193847656
            },
            "Cluster_8": {
                "train_time": 0.7407190799713135,
                "eval_time": 0.32704973220825195
            },
            "Cluster_9": {
                "train_time": 0.7643582820892334,
                "eval_time": 0.3007698059082031
            }
        },
        "train_time_total": 7.068038463592529,