{
    "model": {
        "name": "IsolationForest",
        "behaviour": "old",
        "bootstrap": false,
        "contamination": 0.1,
        "max_features": 1.0,
        "max_samples": "auto",
        "n_estimators": 100,
        "n_jobs": 1,
        "random_state": null,
        "verbose": 0
    },
    "dataset": {
        "name": "Energy-Plants-random_anomalies",
        "tran_concepts_no": 10,
        "test_concepts_no": 10
    },
    "strategy": {
        "name": "ReplayEnhanced",
        "replay_buffer": {
            "name": "AdaptiveBalancedReplayBuffer",
            "max_size": 3000,
            "selection_method": "RandomSelection",
            "current_size": 3000,
            "buffer_size": 3000
        }
    },
    "concept_metric_callback_ROC-AUC": {
        "base_metric_name": "ROC-AUC",
        "metrics": {
            "ContinualAverage": 0.6542916952959831,
            "BackwardTransfer": -0.08019777131782946,
            "ForwardTransfer": 0.5709258761304908
        },
        "concepts_order": [
            "Cluster_0",
            "Cluster_1",
            "Cluster_2",
            "Cluster_3",
            "Cluster_4",
            "Cluster_5",
            "Cluster_6",
            "Cluster_7",
            "Cluster_8",
            "Cluster_9"
        ],
        "metric_matrix": {
            "Cluster_0": {
                "Cluster_0": 0.9976173691860465,
                "Cluster_1": 0.7018844476744186,
                "Cluster_2": 0.9422961482558139,
                "Cluster_3": 0.8866202761627906,
                "Cluster_4": 0.4534783793604651,
                "Cluster_5": 0.6316284520348837,
                "Cluster_6": 0.6715403343023256,
                "Cluster_7": 0.5313350290697674,
                "Cluster_8": 0.8818168604651162,
                "Cluster_9": 0.18132394622093026
            },
            "Cluster_1": {
                "Cluster_0": 0.8057714389534885,
                "Cluster_1": 0.9732939680232559,
                "Cluster_2": 0.6197274709302326,
                "Cluster_3": 0.7558375726744186,
                "Cluster_4": 0.21017914244186048,
                "Cluster_5": 0.656461300872093,
                "Cluster_6": 0.7329164244186046,
                "Cluster_7": 0.38671620639534887,
                "Cluster_8": 0.8833800872093024,
                "Cluster_9": 0.34512936046511633
            },
            "Cluster_2": {
                "Cluster_0": 0.45350872093023264,
                "Cluster_1": 0.811266715116279,
                "Cluster_2": 0.9652856104651162,
                "Cluster_3": 0.40038662790697677,
                "Cluster_4": 0.2779934593023256,
                "Cluster_5": 0.6655712209302327,
                "Cluster_6": 0.7681849563953489,
                "Cluster_7": 0.3500403343023256,
                "Cluster_8": 0.9027354651162791,
                "Cluster_9": 0.20709120639534884
            },
            "Cluster_3": {
                "Cluster_0": 0.7745109011627906,
                "Cluster_1": 0.9247271075581396,
                "Cluster_2": 0.8567565406976745,
                "Cluster_3": 0.9586711482558139,
                "Cluster_4": 0.23481086482558142,
                "Cluster_5": 0.6471075581395349,
                "Cluster_6": 0.7571591569767442,
                "Cluster_7": 0.327188590116279,
                "Cluster_8": 0.8518045058139535,
                "Cluster_9": 0.25277543604651165
            },
            "Cluster_4": {
                "Cluster_0": 0.18634629360465116,
                "Cluster_1": 0.6826515261627908,
                "Cluster_2": 0.8392986918604652,
                "Cluster_3": 0.24791097383720928,
                "Cluster_4": 0.9711231831395347,
                "Cluster_5": 0.36956504360465114,
                "Cluster_6": 0.5559934593023255,
                "Cluster_7": 0.8491293604651164,
                "Cluster_8": 0.6474149709302326,
                "Cluster_9": 0.5465552325581395
            },
            "Cluster_5": {
                "Cluster_0": 0.15631613372093023,
                "Cluster_1": 0.9083408430232558,
                "Cluster_2": 0.8696468023255812,
                "Cluster_3": 0.2857147529069768,
                "Cluster_4": 0.4465995639534884,
                "Cluster_5": 0.9577496366279069,
                "Cluster_6": 0.814202398255814,
                "Cluster_7": 0.39194367732558133,
                "Cluster_8": 0.8593655523255814,
                "Cluster_9": 0.36986918604651164
            },
            "Cluster_6": {
                "Cluster_0": 0.16489498546511627,
                "Cluster_1": 0.8832579941860466,
                "Cluster_2": 0.8803212209302326,
                "Cluster_3": 0.3402914244186047,
                "Cluster_4": 0.5369102470930233,
                "Cluster_5": 0.7886856831395348,
                "Cluster_6": 0.9799095203488373,
                "Cluster_7": 0.38952761627906973,
                "Cluster_8": 0.6549781976744186,
                "Cluster_9": 0.4627877906976744
            },
            "Cluster_7": {
                "Cluster_0": 0.08764135174418604,
                "Cluster_1": 0.6696166424418604,
                "Cluster_2": 0.8664949127906978,
                "Cluster_3": 0.11826707848837209,
                "Cluster_4": 0.7445897529069767,
                "Cluster_5": 0.585794694767442,
                "Cluster_6": 0.6753070494186046,
                "Cluster_7": 0.9850737645348837,
                "Cluster_8": 0.7483372093023255,
                "Cluster_9": 0.6027823401162791
            },
            "Cluster_8": {
                "Cluster_0": 0.15738517441860464,
                "Cluster_1": 0.8792874273255813,
                "Cluster_2": 0.856717659883721,
                "Cluster_3": 0.2742743459302326,
                "Cluster_4": 0.4502020348837209,
                "Cluster_5": 0.6619342296511628,
                "Cluster_6": 0.5946144622093024,
                "Cluster_7": 0.6046933139534885,
                "Cluster_8": 0.9831653343023256,
                "Cluster_9": 0.31409156976744185
            },
            "Cluster_9": {
                "Cluster_0": 0.025027616279069763,
                "Cluster_1": 0.7896031976744186,
                "Cluster_2": 0.5959778343023256,
                "Cluster_3": 0.09593495639534882,
                "Cluster_4": 0.741247456395349,
                "Cluster_5": 0.6585977470930233,
                "Cluster_6": 0.7492648982558139,
                "Cluster_7": 0.8354549418604651,
                "Cluster_8": 0.6718811773255814,
                "Cluster_9": 0.9806151889534884
            }
        }
    },
    "time_evaluation_callback": {
        "time_by_concept": {
            "Cluster_0": {
                "train_time": 0.5511429309844971,
                "eval_time": 0.3782196044921875
            },
            "Cluster_1": {
                "train_time": 0.5588769912719727,
                "eval_time": 0.3131587505340576
            },
            "Cluster_2": {
                "train_time": 0.5518209934234619,
                "eval_time": 0.31238317489624023
            },
            "Cluster_3": {
                "train_time": 0.5527100563049316,
                "eval_time": 0.35645437240600586
            },
            "Cluster_4": {
                "train_time": 0.5553243160247803,
                "eval_time": 0.3081543445587158
            },
            "Cluster_5": {
                "train_time": 0.5474181175231934,
                "eval_time": 0.3298361301422119
            },
            "Cluster_6": {
                "train_time": 0.5502207279205322,
                "eval_time": 0.3140289783477783
            },
            "Cluster_7": {
                "train_time": 0.5546412467956543,
                "eval_time": 0.3107028007507324
            },
            "Cluster_8": {
                "train_time": 0.5507631301879883,
                "eval_time": 0.30794715881347656
            },